id,name,type,city,organization,public_contact,source_url,date_collected,status,notes
L001,Республиканская коллегия адвокатов (РКА),коллегия адвокатов,Астана,РКА,office@advokatura.kz; +7 7172 47-66-51; +7 7172 47-66-54,https://advokatura.kz/ru/territorial-nye-kollegii-advokatov,2026-09-28,черновик готов,"сверено 28.09.2026. Объединяет 20 территориальных коллегий, 5 900 адвокатов (данные РКА на той же странице). Цель — партнёрство/рассылка членам, не спам. Адрес: Астана, ул. А. Бокейхана 16/2."
L002,Алматинская городская коллегия адвокатов,коллегия адвокатов,Алматы,АГКА,prezidium_agka@mail.ru; +7 727 278 04 77,https://agka.kz/ru/%D0%BA%D0%BE%D0%BD%D1%82%D0%B0%D0%BA%D1%82%D1%8B/,2026-09-28,черновик готов,сверено 28.09.2026. 1022 адвоката (РКА). Адрес: ул. Наурызбай батыра 49/61.
L003,Коллегия адвокатов г. Астаны,коллегия адвокатов,Астана,Коллегия адвокатов г. Астаны,"astanaprezidium@gmail.com (адрес: пр. Улы Дала 39, оф. 14)",https://advocaturaastana.kz/ru/kontakty,2026-09-28,черновик готов,сверено 28.09.2026. На сайте раздел «Члены коллегии»; 811 адвокатов (РКА). На странице РКА указана другая почта (prezidiumastana@gmail.com) и тел. +7 701 280 46 38 — приоритет у сайта коллегии.
L004,Коллегия адвокатов г. Шымкента,коллегия адвокатов,Шымкент,Коллегия адвокатов г. Шымкента,shymkent_gka@mail.ru; +7 7252 39-07-70,https://advokatura.kz/ru/territorial-nye-kollegii-advokatov,2026-09-28,новый,сверено 28.09.2026. Адрес: ул. Байтурсынова 86/10; сайт коллегии на техработах; 508 адвокатов (РКА).
L005,Актюбинская областная коллегия адвокатов,коллегия адвокатов,Актобе,,advokat_aktobe@mail.ru,https://aoaa-advokat.kz/,2026-09-28,новый,сверено 28.09.2026. Почта совпадает на сайте коллегии и на странице РКА; телефон на них не опубликован (прежний номер не подтвердился — удалён). Адрес: ул. Богенбай батыра 32.
L006,Туркестанская областная коллегия адвокатов,коллегия адвокатов,Туркестан,,turkestan.advokat@gmail.com; +7 7252 53-02-01,https://advokatura.kz/ru/territorial-nye-kollegii-advokatov,2026-09-28,новый,"сверено 28.09.2026. Город исправлен: Туркестан (мкр Жаңа қала, 160 квартал, 561 уч.)."
L007,Акмолинская областная коллегия адвокатов,коллегия адвокатов,Кокшетау,,astana_obloka@mail.ru; +7 7162 25-61-45; +7 7172 20-45-14,https://advokatura.kz/ru/territorial-nye-kollegii-advokatov,2026-09-28,новый,"сверено 28.09.2026. Контакты взяты из блока Акмолинской коллегии на странице РКА (почта не ВКО). Адрес: Кокшетау, ул. Ауельбекова 112-36; сайт akmoka.kz недоступен из сети."
L008,Павлодарская областная коллегия адвокатов,коллегия адвокатов,Павлодар,,pavl.advokatura@mail.ru; +7 7182 22-88-40,https://pavl-advokatura.kz/,2026-09-28,новый,сверено 28.09.2026. Адрес: ул. Ак. Чокина 157/2.
L009,Западно-Казахстанская областная коллегия адвокатов,коллегия адвокатов,Уральск,,west_advokatura@mail.ru; +7 7112 50-46-54,https://advokatura.kz/ru/territorial-nye-kollegii-advokatov,2026-09-28,новый,сверено 28.09.2026. Сайт zkoka.kz не отвечает (DNS); прежний телефон 30-20-56 не подтвердился — заменён номером со страницы РКА. Адрес: ул. Ихсанова 45.
L010,Карагандинская областная коллегия адвокатов,коллегия адвокатов,Караганда,,karadvocat@mail.ru; +7 7212 41-58-94,https://advokatura.kz/ru/territorial-nye-kollegii-advokatov,2026-09-28,новый,сверено 28.09.2026 по странице РКА (сайт karobladvocat.kz из сети не открылся — ошибка сертификата). 577 адвокатов.
L011,Костанайская областная коллегия адвокатов,коллегия адвокатов,Костанай,,kost-obl-kollegia@mail.ru; +7 7142 56-78-65,https://kost-obl-kollegia.kz/,2026-09-28,новый,сверено 28.09.2026. Адрес: ул. Тарана 111.
L012,Жамбылская областная коллегия адвокатов,коллегия адвокатов,Тараз,,advo_taraza@mail.ru; +7 7262 45-04-34,https://advokatura.kz/ru/territorial-nye-kollegii-advokatov,2026-09-28,новый,сверено 28.09.2026. Источник заменён на официальную страницу РКА (был «Параграф»). Адрес: ул. Толе би 51.
L013,Атырауская областная коллегия адвокатов,коллегия адвокатов,Атырау,,advokatura_atyrau777@mail.ru; +7 7122 50-31-23; +7 7122 25-41-90,https://advokatura.kz/ru/territorial-nye-kollegii-advokatov,2026-09-28,новый,сверено 28.09.2026. Прежний URL advokatura.kz/atyrau/ отдаёт ошибку 500. Адрес: ул. Атамбаева 20б.
L014,Мангистауская областная коллегия адвокатов,коллегия адвокатов,Актау,,kamo-aktau@mail.ru; +7 7292 52-26-69,https://advokatura.kz/ru/territorial-nye-kollegii-advokatov,2026-09-28,новый,"сверено 28.09.2026 по странице РКА (kamo.kz из сети не открылся). Адрес: мкр. 5, д. 7, оф. 16."
L015,Кызылординская областная коллегия адвокатов,коллегия адвокатов,Кызылорда,,K_advokatura@mail.ru; +7 7242 27-75-19,https://advokatura.kz/ru/territorial-nye-kollegii-advokatov,2026-09-28,новый,сверено 28.09.2026. Источник заменён на РКА (egov.kz из сети недоступен). Адрес: ул. Д. Кунаева 10.
L016,Алматинская областная коллегия адвокатов,коллегия адвокатов,Алматы,,+7 727 271-36-77,https://advokatura.kz/ru/territorial-nye-kollegii-advokatov,2026-09-28,новый,"сверено 28.09.2026. Город исправлен: адрес коллегии — Алматы, ул. Панфилова 53-1. Почта на странице РКА — именной ящик сотрудника, не вносим. Сайт aoka.kz из сети не открылся."
L017,Коллегия адвокатов области Жетісу,коллегия адвокатов,Талдыкорган,,advokatura-tk@bk.ru; 8 7282 24-40-33,https://advokatura.kz/ru/territorial-nye-kollegii-advokatov,2026-09-28,новый,сверено 28.09.2026. Источник заменён: был агрегатор kompra.kz. Адрес: ул. Каблиса жырау 69.
L018,Северо-Казахстанская областная коллегия адвокатов,коллегия адвокатов,Петропавловск,,skookapetr@mail.ru; +7 7152 33-25-78,https://skoadvokatura.kz/,2026-09-28,новый,сверено 28.09.2026. Адрес: ул. Астана 22.
L019,Восточно-Казахстанская областная коллегия адвокатов,коллегия адвокатов,Усть-Каменогорск,,info@advokaty-vko.kz; +7 7232 60-11-80,https://advokaty-vko.kz/,2026-09-28,новый,сверено 28.09.2026. Источник заменён: был egov.kz. Адрес: ул. Красина 3.
L020,Республиканская коллегия юридических консультантов,палата юр. консультантов,Астана,РКЮК,форма «Связаться с нами» на сайте,https://rcla.kz/ru,2026-09-28,не подтверждено,"Не подтверждено 28.09.2026: rcla.kz закрыт антибот-проверкой (CAPTCHA), контакт не виден."
L021,Палата Казахстанских юридических консультантов,палата юр. консультантов,Шымкент; Караганда,kazpalata.kz,info@kazpalata.kz; +7 708 364-07-74; +7 7212 51-22-10,https://www.kazpalata.kz/,2026-09-28,новый,"сверено 28.09.2026. Офисы: Шымкент, пр. Д. Кунаева 59, оф. 704; Караганда, ул. Гоголя 50/1 (Уральск на сайте не указан — исправлено). Реестр членов на сайте."
L022,Палата юридических консультантов «Kazakhstan Bar Association»,палата юр. консультантов,Алматы,KazBar,chamber@kazbar.org.kz; +7 727 339 20 08; +7 702 777 06 38,https://kazbar.org.kz/contacts,2026-09-28,черновик готов,"сверено 28.09.2026. Адрес: ул. Торекулова 68, БЦ «Sirius», оф. 202. 500+ членов (данные сайта)."
L023,Палата юридических консультантов «TARBAGATAI»,палата юр. консультантов,Алматы,,palata_tarbagatai@bk.ru; +7 701 111 18 77,https://palata-tarbagatai.kz/,2026-09-28,новый,"сверено 28.09.2026. Адрес: ул. Аскарова 4, оф. 210."
L024,Палата профессиональных юридических консультантов,палата юр. консультантов,Алматы,,palata@lawconsult.kz; +7 701 766 92 16; +7 707 121 27 90,https://lawconsult.kz/,2026-09-28,новый,"сверено 28.09.2026. Город — по реестр МЮ РК (aisoip.adilet.gov.kz, «Реестр общий»); на сайте адрес не найден, страница «Контакты» за CAPTCHA."
L025,Палата юр. консультантов «Центр правовой защиты и оказания юридических услуг»,палата юр. консультантов,Алматы,,lawprotection727@gmail.com; +7 705 110 2185,https://law-protection.kz/contacts/,2026-09-28,новый,"сверено 28.09.2026. Адрес: ул. Богенбай батыра 150, оф. 75."
L026,Палата юр. консультантов «Единый центр услуг»,палата юр. консультантов,Караганда,,"страница контактов (пр. Назарбаева 37, оф. 111)",http://urpalata-esu.kz/ru/%D0%BA%D0%BE%D0%BD%D1%82%D0%B0%D0%BA%D1%82%D1%8B/,2026-09-28,не подтверждено,"Не подтверждено 28.09.2026: urpalata-esu.kz не открылся (ошибка сертификата), контакт не виден."
L027,Палата юридических консультантов «Curator Astana» (CURATOR PALATA),палата юр. консультантов,Астана,,office@curator-palata.kz; +7 700 115 32 35,https://curator-palata.kz/contacts/,2026-09-28,новый,"сверено 28.09.2026. Адрес: ул. Мәңгілік ел 8, подъезд 3, каб. 803."
L028,Палата юр. консультантов «Центр частнопрактикующих юридических консультантов г. Алматы» (Первая Алматинская палата юристов),палата юр. консультантов,Алматы,,info@palata-almaty.kz; +7 707 391 40 90,https://palata-almaty.kz/,2026-09-28,черновик готов,"сверено 28.09.2026. Крупнейшая палата по реестр МЮ РК (aisoip.adilet.gov.kz, «Реестр общий») (~1 950 записей)."
L029,Палата юридических консультантов г. Алматы,палата юр. консультантов,Алматы,,"+7 701 714 05 44 (председатель палаты, указан на странице контактов)",https://urpalataalmaty.kz/contact/,2026-09-28,новый,"сверено 28.09.2026. Адрес: мкр Самал-2, д. 27, оф. 1Б."
L030,Главная палата юридических консультантов Алматинской области,палата юр. консультантов,Каскелен,,+7 702 777-42-17; +7 701 777-34-91,https://baspalata2024.kz/contacts,2026-09-28,новый,"сверено 28.09.2026. Адрес: Каскелен, ул. Макашева 84. Реестр членов: baspalata2024.kz/reestr-chlenov-palaty."
L031,Палата юридических консультантов Карагандинской области,палата юр. консультантов,Караганда,,palatajuristov@mail.ru; 8 708 943-25-13,https://palatajuristov09.kz/contacts/,2026-09-28,новый,"сверено 28.09.2026. Адрес: ул. Пичугина 259, каб. 323."
L032,Палата юридических консультантов г. Астаны (AstanaZangerPalata),палата юр. консультантов,Астана,,info@zangerpalata.kz; +7 701 999-96-75; WhatsApp +7 777 149-36-20,https://zangerpalata.kz/,2026-09-28,черновик готов,"сверено 28.09.2026. Адрес: ул. Туркестан 8/2, БЦ «Olymp Palace». Вторая по размеру палата по реестр МЮ РК (aisoip.adilet.gov.kz, «Реестр общий»). На сайте упоминания бесплатного Telegram-чата не нашёл — см. P023."
L033,Алматинская палата юридических консультантов (palata-zanger),палата юр. консультантов,Алматы,,контакты на сайте,https://palata-zanger.kz/,2026-09-28,не подтверждено,Не подтверждено 28.09.2026: palata-zanger.kz не открылся (502). По реестру МЮ «Алматинская палата юр. консультантов» числится в Павлодаре — город проверить.
L034,Северо-Казахстанская палата юридических консультантов «ZANGER»,палата юр. консультантов,Петропавловск,,palata.zanger@bk.ru,https://palatazanger.kz/pages/kontakty.html,2026-09-28,новый,сверено 28.09.2026. Адрес: ул. Жамбыла Жабаева 156. Телефоны на главной не подписаны — не вносил.
L035,Палата юридических консультантов Костанайской области «Заңгер»,палата юр. консультантов,Костанай,,palata_kost@mail.ru; info@palatakost.kz,https://palatakost.kz/,2026-09-28,новый,сверено 28.09.2026. Страница /contacts/ отдаёт 404; почта — в шапке главной.
L036,Палата юридических консультантов по ВКО,палата юр. консультантов,Усть-Каменогорск,,контакты на сайте,https://povko.kz/,2026-09-28,не подтверждено,Не подтверждено 28.09.2026: povko.kz закрыт антибот-проверкой (CAPTCHA).
L037,Ассоциация палат юридических консультантов РК (АПЮК),палата юр. консультантов,Астана,Казахстанский союз юристов,список палат и контакты на странице,http://www.jurist-kaz.kz/assotsiatsiya-palat-yuridicheskih-konsultantov-respubliki-kazahstan/apyuk-rk-kontaktyi/,2026-09-28,не подтверждено,Не подтверждено 28.09.2026: jurist-kaz.kz не открылся (ошибка сертификата).
L038,Адвокат Червоненко С. Н. (advokat-almaty.kz),адвокат / юр. компания,Алматы,advokat-almaty.kz,armaverum@mail.ru; +7 702 169 82 66; +7 777 234 26 66,https://www.advokat-almaty.kz/kontact,2026-09-28,черновик готов,"сверено 28.09.2026. Трудовые, семейные, гражданские споры. Адрес: ул. Тулебаева 15/18а. Статус адвоката проверить по списку АГКА (docx на advokatura.kz). 30.09: в реестре «Заң көмегі» по фамилии не найден — статус адвоката не подтверждён, в пилот не взят."
L039,Юридическая компания «Закон и Справедливость» (femida-justice.com),юр. компания,Алматы,,info@femida-justice.com; +7 702 978 85 73,https://femida-justice.com/kontaktyi/,2026-09-28,новый,сверено 28.09.2026. Название по сайту — «Закон и Справедливость». Адрес: ул. Салыкова 10.
L040,ТОО «Юридическая компания «Коваль и Партнеры» (advokat-yurist.kz),юр. компания,Алматы,,kovalipartnery@mail.ru; +7 700 745 50 50,https://advokat-yurist.kz/,2026-09-28,черновик готов,"сверено 28.09.2026. Трудовые споры, защита прав потребителей. Адрес: ул. Желтоксан 162. 30.09: статус проверен по «Заң көмегі» — Коваль Артём (юрконсультант, действующий, eup.adilet.gov.kz/lawyers/detail/1/7710), Тажибаев Азамат (адвокат АГКА, лиц. 17007161). Кандидат пилота LP02 (leads/lawyer-pilot.csv)."
L041,ТОО «Мастер права»,юр. компания,Алматы,,too.master.prava@gmail.com; +7 700 315 24 24,https://masterprava.kz/individuals,2026-09-28,новый,"сверено 28.09.2026. Помощь физлицам. Адрес: ул. Толе би 83, БЦ Ambassador."
L042,ТОО «Центр Правовой Поддержки»,юр. компания,Алматы,,info@centerprava.kz; +7 701 141 1830,https://centerprava.kz/contacts/,2026-09-28,черновик готов,"сверено 28.09.2026. Наследство, семейные, трудовые споры. Адрес: ул. Пожарского 1, БЦ Айсер, оф. 1503."
L043,YurCenter,юр. компания,Астана,,info@yurcenter.kz; +7 701 978-28-22,https://yurcenter.kz/kontakty,2026-09-28,черновик готов,"сверено 28.09.2026. Семейные споры, алименты. Адрес: ул. Бухар жырау 42, НП 5. 30.09: руководитель Дюсенбаев Р. Н. — в реестре ПЮК «Лига юристов Астаны» (palata-astana.kz/reestr, № 0030), телефон совпадает. Кандидат пилота LP01."
L044,ТОО «Alina & Partners»,юр. компания,Астана,,+7 778 670-77-34,https://alina-partners.kz/kontakty/,2026-09-28,новый,"сверено 28.09.2026. Семья и наследство, страховые споры. Офисы: Астана (ул. Е-36, 5), Алматы, Караганда, Атырау, Актау, Павлодар, Шымкент."
L045,Адвокат Мельдебеков Е. Р.,адвокат,Астана,advokatt.kz,astana@advokatt.kz; +7 7172 35-65-19; +7 775 380 96 52,https://www.advokatt.kz/kontakty-advokata-astany,2026-09-28,черновик готов,"сверено 28.09.2026. Семейные дела. Адрес: ул. Калдаякова 11. Статус адвоката проверить по списку Коллегии адвокатов г. Астаны. 30.09: статус подтверждён по «Заң көмегі» — адвокат КА г. Астаны, лиц. 0003882, действующий (eup.adilet.gov.kz/lawyers/detail/0/3920). Кандидат пилота LP03."
L046,Гарант Плюс,юр. компания,Астана,,garantplus.kz@mail.ru; +7 702 847 8020; +7 747 392 1958,https://garantplus.kz/kontakty,2026-09-28,новый,сверено 28.09.2026. Адрес: ул. Бараева 13.
L047,ТОО «Юридическая компания «ASTANA JURIST»,юр. компания,Астана,,+7 747 703 18 07,https://astanaurist.kz/contacts,2026-09-28,новый,"сверено 28.09.2026. Адрес: пр. Б. Момышулы 2/5, блок 3. 30.09: адвокат Науанов А. А. — «Заң көмегі», Павлодарская ОКА, лиц. 25010673 (detail/0/10926); юрконсультант Идрисов А. А. — реестр «Лига юристов Астаны» № 0173. Кандидат пилота LP04."
L048,NZ Lawyers,юр. компания,Астана,,info@nzcooperation.com; +7 700 337 38 80,https://nz-lawyers.kz/,2026-09-28,новый,"сверено 28.09.2026. Адрес: ул. Мангилик ел 30, БЦ Astana Partners, оф. 312."
L049,SOVS,юр. компания,,,контакты на сайте,https://sovz.kz/bankrotstvo-fizicheskih-lic,2026-09-28,не подтверждено,Не подтверждено 28.09.2026: sovz.kz закрыт защитой Cloudflare. Банкротство физлиц.
L050,QAZBANKROT,юр. компания,Алматы; Астана; Караганда,,+7 700 144-00-15,https://www.qazbankrot.kz/contacts/,2026-09-28,новый,"сверено 28.09.2026. Банкротство физлиц. Офисы: Алматы (пр. Абая 109в), Астана (ул. Сыганак 54а), Караганда."
L051,Коллегия адвокатов области Абай,коллегия адвокатов,Семей,,Advokaty_semey@mail.ru; 8 7222 52-37-71,https://advokatura.kz/ru/territorial-nye-kollegii-advokatov,2026-09-28,новый,сверено 28.09.2026. Адрес: ул. К. Мухамедханова 28; 172 адвоката (РКА).
L052,Коллегия адвокатов области Ұлытау,коллегия адвокатов,Жезказган,,763397 (г. Жезказган),https://advokatura.kz/ru/territorial-nye-kollegii-advokatov,2026-09-28,новый,"сверено 28.09.2026. Адрес: ул. Гагарина 37; 26 адвокатов (РКА). Почта на странице — личный ящик председателя, не вносил."
L053,Городская юридическая консультация АГКА,юр. консультация коллегии,Алматы,АГКА,8 727 279-87-11; 8 727 278-06-41 (ул. Наурызбай батыра 49/61),https://agka.kz/cms/ru/%d0%ba%d0%be%d0%bd%d1%81%d1%83%d0%bb%d1%8c%d1%82%d0%b0%d1%86%d0%b8%d0%b8/,2026-09-28,новый,сверено 28.09.2026
L054,Юридическая консультация №1 АГКА,юр. консультация коллегии,Алматы,АГКА,8 727 273-35-17; 273-54-07 (ул. Гоголя 87а),https://agka.kz/cms/ru/%d0%ba%d0%be%d0%bd%d1%81%d1%83%d0%bb%d1%8c%d1%82%d0%b0%d1%86%d0%b8%d0%b8/,2026-09-28,новый,сверено 28.09.2026
L055,Юридическая консультация №2 АГКА,юр. консультация коллегии,Алматы,АГКА,8 727 234-17-63; 233-78-63 (ул. Шарипова 14),https://agka.kz/cms/ru/%d0%ba%d0%be%d0%bd%d1%81%d1%83%d0%bb%d1%8c%d1%82%d0%b0%d1%86%d0%b8%d0%b8/,2026-09-28,новый,сверено 28.09.2026
L056,Юридическая консультация №3 АГКА,юр. консультация коллегии,Алматы,АГКА,8 727 273-04-20 (ул. Валиханова 25),https://agka.kz/cms/ru/%d0%ba%d0%be%d0%bd%d1%81%d1%83%d0%bb%d1%8c%d1%82%d0%b0%d1%86%d0%b8%d0%b8/,2026-09-28,новый,сверено 28.09.2026
L057,Юридическая консультация №4 АГКА,юр. консультация коллегии,Алматы,АГКА,8 727 235-03-54 (ул. Спартака 10),https://agka.kz/cms/ru/%d0%ba%d0%be%d0%bd%d1%81%d1%83%d0%bb%d1%8c%d1%82%d0%b0%d1%86%d0%b8%d0%b8/,2026-09-28,новый,сверено 28.09.2026
L058,Юридическая консультация №5 АГКА,юр. консультация коллегии,Алматы,АГКА,8 727 279-30-64 (ул. Сейфуллина 451),https://agka.kz/cms/ru/%d0%ba%d0%be%d0%bd%d1%81%d1%83%d0%bb%d1%8c%d1%82%d0%b0%d1%86%d0%b8%d0%b8/,2026-09-28,новый,сверено 28.09.2026
L059,Юридическая консультация №6 АГКА,юр. консультация коллегии,Алматы,АГКА,8 727 274-13-29 (ул. Бухар жырау 64),https://agka.kz/cms/ru/%d0%ba%d0%be%d0%bd%d1%81%d1%83%d0%bb%d1%8c%d1%82%d0%b0%d1%86%d0%b8%d0%b8/,2026-09-28,новый,сверено 28.09.2026
L060,Юридическая консультация №7 АГКА,юр. консультация коллегии,Алматы,АГКА,"8 727 276-40-45; 277-42-30 (2 мкр., д. 41)",https://agka.kz/cms/ru/%d0%ba%d0%be%d0%bd%d1%81%d1%83%d0%bb%d1%8c%d1%82%d0%b0%d1%86%d0%b8%d0%b8/,2026-09-28,новый,сверено 28.09.2026
L061,Юридическая консультация №8 АГКА,юр. консультация коллегии,Алматы,АГКА,8 727 292-10-10; 292-44-51 (ул. Байтурсынова 147),https://agka.kz/cms/ru/%d0%ba%d0%be%d0%bd%d1%81%d1%83%d0%bb%d1%8c%d1%82%d0%b0%d1%86%d0%b8%d0%b8/,2026-09-28,новый,сверено 28.09.2026
L062,Юридическая консультация №9 АГКА,юр. консультация коллегии,Алматы,АГКА,8 727 274-85-35 (ул. Тимирязева 97/193),https://agka.kz/cms/ru/%d0%ba%d0%be%d0%bd%d1%81%d1%83%d0%bb%d1%8c%d1%82%d0%b0%d1%86%d0%b8%d0%b8/,2026-09-28,новый,сверено 28.09.2026
L063,Юридическая консультация №10 АГКА,юр. консультация коллегии,Алматы,АГКА,"8 727 301-31-55 (9 мкр., д. 34)",https://agka.kz/cms/ru/%d0%ba%d0%be%d0%bd%d1%81%d1%83%d0%bb%d1%8c%d1%82%d0%b0%d1%86%d0%b8%d0%b8/,2026-09-28,новый,сверено 28.09.2026
L064,Специализированная юридическая консультация «Адвокат» АГКА,юр. консультация коллегии,Алматы,АГКА,8 727 248-21-68; 222-32-20 (ул. Манаса 24В),https://agka.kz/cms/ru/%d0%ba%d0%be%d0%bd%d1%81%d1%83%d0%bb%d1%8c%d1%82%d0%b0%d1%86%d0%b8%d0%b8/,2026-09-28,новый,сверено 28.09.2026
L065,Юридическая консультация №12 АГКА,юр. консультация коллегии,Алматы,АГКА,8 727 256-14-92; 240-62-82 (ул. Тлендиева 50),https://agka.kz/cms/ru/%d0%ba%d0%be%d0%bd%d1%81%d1%83%d0%bb%d1%8c%d1%82%d0%b0%d1%86%d0%b8%d0%b8/,2026-09-28,новый,сверено 28.09.2026
L066,Юридическая консультация №14 АГКА,юр. консультация коллегии,Алматы,АГКА,"адрес: мкр. Шугыла 341/3, корп. 8, оф. 37 (телефон не опубликован)",https://agka.kz/cms/ru/%d0%ba%d0%be%d0%bd%d1%81%d1%83%d0%bb%d1%8c%d1%82%d0%b0%d1%86%d0%b8%d0%b8/,2026-09-28,новый,сверено 28.09.2026. Телефона на странице нет — контакт только через АГКА.
L067,Специализированная ювенальная юридическая консультация АГКА,юр. консультация коллегии,Алматы,АГКА,8 727 292-27-15; 292-46-07 (ул. Богенбай батыра 188),https://agka.kz/cms/ru/%d0%ba%d0%be%d0%bd%d1%81%d1%83%d0%bb%d1%8c%d1%82%d0%b0%d1%86%d0%b8%d0%b8/,2026-09-28,новый,сверено 28.09.2026
L068,Юридическая консультация №15 АГКА,юр. консультация коллегии,Алматы,АГКА,"8 727 225-35-20 (мкр. Шанырак-2, ул. Култегина 40)",https://agka.kz/cms/ru/%d0%ba%d0%be%d0%bd%d1%81%d1%83%d0%bb%d1%8c%d1%82%d0%b0%d1%86%d0%b8%d0%b8/,2026-09-28,новый,сверено 28.09.2026
L069,Юридическая консультация г. Павлодар (Павлодарская ОКА),юр. консультация коллегии,Павлодар,Павлодарская ОКА,+7 7182 32-22-04 (ул. Бектурова 115); +7 7182 22-88-42 (ул. Бектурова 31),https://pavl-advokatura.kz/,2026-09-28,новый,сверено 28.09.2026
L070,Юридическая консультация г. Экибастуз (Павлодарская ОКА),юр. консультация коллегии,Экибастуз,Павлодарская ОКА,+7 7187 75-47-19 (ул. Б. Момышулы 40),https://pavl-advokatura.kz/,2026-09-28,новый,сверено 28.09.2026
L071,Адвокаты Павлодарской ОКА в г. Аксу,юр. консультация коллегии,Аксу,Павлодарская ОКА,адрес: ул. Строителей 2 (телефон не опубликован),https://pavl-advokatura.kz/,2026-09-28,новый,сверено 28.09.2026. Контакт — через коллегию (pavl.advokatura@mail.ru).
L072,Палата юридических консультантов «Adilzanger»,палата юр. консультантов,Караганда,,adilzanger@bk.ru; +7 702 136 1652,https://adilzanger.kz/,2026-09-28,черновик готов,"сверено 28.09.2026. Город — по реестр МЮ РК (aisoip.adilet.gov.kz, «Реестр общий») (Карагандинская обл., ~820 записей)."
L073,Палата юридических консультантов «Eurasia Legal Group»,палата юр. консультантов,Шымкент,,info@legalgroup.kz; +7 707 104-47-94,https://legalgroup.kz/,2026-09-28,новый,"сверено 28.09.2026. Адрес: ул. Адырбекова 34, БЦ «Керуен», оф. 215."
L074,Палата юридических консультантов города Павлодар «Әділет»,палата юр. консультантов,Павлодар,,palata.yuristov@mail.ru,https://zangerpvl.kz/ru/%d0%b3%d0%bb%d0%b0%d0%b2%d0%bd%d0%b0%d1%8f/,2026-09-28,новый,сверено 28.09.2026
L075,Палата юридических консультантов «Алматинская юридическая палата «АЮА»,палата юр. консультантов,Алматы,,aua.palata@gmail.com; +7 747 303 10 50,https://auapalata.kz/,2026-09-28,новый,"сверено 28.09.2026. Адрес: ул. Толе би 224, оф. 2; 400+ юристов (данные сайта)."
L076,«Высшая профессиональная палата» юридических консультантов (AGIDA),палата юр. консультантов,Алматы,,info@agida.kz,https://agida.kz/,2026-09-28,новый,"сверено 28.09.2026. Головной офис: БЦ «Нурлы-Тау», к4В, оф. 2102."
L077,Палата юридических консультантов «Статус»,палата юр. консультантов,Алматы,,+7 727 355 77 27,https://palata-status.kz/,2026-09-28,новый,сверено 28.09.2026. Адрес: ул. Амангельды 64А.
L078,Палата юридических консультантов области Абай,палата юр. консультантов,Семей,,p6050911@gmail.com; 8 708 938 3758,https://palata-abay.kz/kontakty/,2026-09-28,новый,"сверено 28.09.2026. Адрес: ул. Мәңгілік Ел 4, каб. 305."
L079,Палата юридических консультантов Актюбинской области,палата юр. консультантов,Актобе,,palata_uk@mail.ru; +7 701 338 59 73,https://palata.ai.kz/ru/content/kontakty,2026-09-28,новый,"сверено 28.09.2026. Адрес: ул. Маресьева 95, каб. 38."
L080,Палата юридических консультантов Алматинской области,палата юр. консультантов,Талдыкорган,,+7 701 270 94 17,https://palatatk.kz/,2026-09-28,новый,"сверено 28.09.2026. Адрес: ул. Толебаева 69, каб. 25."
L081,Палата юридических консультантов «LEGALMAN»,палата юр. консультантов,Алматы,,info@legum.kz; +7 701 348 8655,https://www.legum.kz/,2026-09-28,новый,сверено 28.09.2026
L082,Палата юридических консультантов «ҮМІТ KRG KZ»,палата юр. консультантов,Караганда,,urpalata.ymitkrgkz@mail.ru; +7 775 769 08 92,https://urpalata-ymitkrg.kz/,2026-09-28,новый,"сверено 28.09.2026. Город — по реестр МЮ РК (aisoip.adilet.gov.kz, «Реестр общий»)."
L083,Палата юридических консультантов «Zangerler palatasi»,палата юр. консультантов,Шымкент,,zangerlerpalatasi@gmail.com; +7 778 621 48 44,https://zangerlerpalatasi.kz/kontakty/,2026-09-28,новый,"сверено 28.09.2026. Город — по реестр МЮ РК (aisoip.adilet.gov.kz, «Реестр общий»)."
L084,Палата юридических консультантов «Евразийская палата юристов»,палата юр. консультантов,Алматы,,info@zangerler.kz; +7 747 635 0244,https://www.zangerler.kz/contacts/,2026-09-28,новый,сверено 28.09.2026. Адрес: ул. Толе би 4 / Абдуллиных 54/6.
L085,Палата юридических консультантов «LEGAL-SYSTEM»,палата юр. консультантов,Астана,,legal.system202020@gmail.com; +7 701 177-59-32,https://legal-system.kz/,2026-09-28,новый,"сверено 28.09.2026. Адрес: ул. Иманова 19, оф. 701В."
L086,Палата юридических консультантов «Гильдия юристов Казахстана»,палата юр. консультантов,Алматы,,gildiyuristov@gmail.com; +7 776 606-12-16,https://kazlawyers.kz/ru,2026-09-28,новый,сверено 28.09.2026
L087,Адвокатская контора ACAT,адвокатская контора,Алматы,,acat.kz@gmail.com; +7 727 228-22-23,https://www.acat.kz/,2026-09-28,новый,сверено 28.09.2026. Гражданские и административные дела.
L088,Адвокат Белоножко М. (advokatqostanay.kz),адвокат,Костанай,,info@advokatqostanay.kz; +7 701 477-77-47,https://advokatqostanay.kz/,2026-09-28,новый,сверено 28.09.2026. Гражданские и уголовные дела. Адрес: ул. Чехова 125. Статус проверить по списку Костанайской ОКА.
L089,Юридическая фирма De Facto (офис Караганда),юр. компания,Караганда,,info@defacto.kz; +7 776 447-27-64,https://defacto.kz/ru/lawyers/karaganda,2026-09-28,новый,"сверено 28.09.2026. Адрес: ул. Ерубаева 48, оф. 301."
L090,Адвокатская контора г. Караганда (advokat-krg.kz),адвокатская контора,Караганда,,+7 777 243-64-08,https://advokat-krg.kz/,2026-09-28,новый,сверено 28.09.2026. Название организации на сайте не указано — уточнить при контакте.
L091,Адвокатская контора «GITTER MANN»,адвокатская контора,Усть-Каменогорск,,adv_Giterman@mail.ru; +7 701 318 33 49,https://giterman.su/,2026-09-28,новый,сверено 28.09.2026. giterman.kz перенаправляет на giterman.su. Адрес: пр. Назарбаева 16.
L092,Юридическая компания «Бюрократ»,юр. компания,Алматы,,almaty@burokrat.kz,https://burokrat.kz/,2026-09-28,новый,"сверено 28.09.2026. Адрес: ул. Монгольская 44, оф. 602."
L093,ТОО «Юридическая компания AC&Partners»,юр. компания,Алматы,,info@acpartners.kz; +7 727 250 47 50,https://acpartners.kz/,2026-09-28,новый,"сверено 28.09.2026. Адрес: ул. Навои 208/1, оф. 273."
L094,ТОО «AS Legal» (advokatrk.kz),юр. компания,Алматы,,too.aslegal@gmail.com; +7 775 369 37 84,https://advokatrk.kz/,2026-09-28,новый,"сверено 28.09.2026. Адвокатские услуги, административные дела."
L095,ТОО «Kaz Legal Company»,юр. компания,Алматы,,klc@law25.kz; +7 702 951-66-77,https://klc-company.kz/,2026-09-28,новый,"сверено 28.09.2026. Адрес: ул. Айманова 140, блок Б6, оф. 24."
L096,Holding Keñesşıler,юр. компания,Шымкент,,+7 702 733 15 55,https://kenesshiler.kz/,2026-09-28,новый,сверено 28.09.2026. Юридические консультации в Шымкенте.
L097,Юридическая фирма AEQUITAS,юр. компания,Алматы; Астана,,aequitas@aequitas.kz; +7 727 396 89 68,https://www.aequitas.kz/contacts,2026-09-28,новый,"сверено 28.09.2026. Корпоративная фирма, член KazBar. Алматы, пр. Абая 47; Астана, МФЦА."
L098,SIGNUM Law Firm,юр. компания,Алматы,,info@signumlaw.com; +7 727 311 17 00,https://signumlaw.com/,2026-09-28,новый,"сверено 28.09.2026. Корпоративная фирма. Адрес: пр. Аль-Фараби 19, БЦ «Нурлы Тау», оф. 404."
L099,GRATA International,юр. компания,Алматы; Актобе; Актау; Усть-Каменогорск,,almaty@gratanet.com; aktobe@gratanet.com; aktau@gratanet.com; ust-kamenogorsk@gratanet.com,https://gratanet.com/,2026-09-28,новый,сверено 28.09.2026. Корпоративная фирма с региональными офисами (почты офисов с сайта).
L100,Алматинская городская палата юридических консультантов «Эгида»,палата юр. консультантов,Алматы,,+7 777 246 90 22,https://palata-yuristov.kz/%D0%BA%D0%BE%D0%BD%D1%82%D0%B0%D0%BA%D1%82%D1%96%D0%BB%D0%B5%D1%80/,2026-09-28,новый,"сверено 28.09.2026. Адрес: пр. Сейфуллина 580, оф. 5."
L101,Адвокат Ерлан Ерболатұлы,адвокат,Алматы,Алматинская областная коллегия адвокатов,+7 777 020 4884 (сайт); kinalysiz@gmail.com (профиль «Заң көмегі»),https://advoqat.kz/,2026-09-30,черновик готов,"сверено 30.09.2026. «Заң көмегі»: лиц. 15014507, действующий, адрес работы — Алматы, ул. Манаса 55 (eup.adilet.gov.kz/lawyers/detail/0/3576). Гражданское, административное, корпоративное. Сайт ru/kk. Кандидат пилота LP05."
L102,Адвокат Ищанов Амир Нурланович,адвокат,Алматы,Алматинская городская коллегия адвокатов,zakon.ata@gmail.com; +7 701 110 0188 (WhatsApp/Telegram на сайте),https://zakonata.kz/,2026-09-30,новый,"сверено 30.09.2026. «Заң көмегі»: лиц. 13006056 (совпадает с сайтом), действующий (eup.adilet.gov.kz/lawyers/detail/0/11378). Основной профиль — уголовная защита; также трудовые, семейные, банкротство. Резерв пилота LP06. Адрес: ул. Жарокова 16, оф. 4."
