id,name,type,city,source_url,public_contact,offer,date_collected,status,notes
P001,Юридическая клиника KIMEP,юр. клиника вуза,Алматы,https://www.kimep.kz/school-of-law/kz/legal-clinic/,legal.clinic@kimep.kz,Бартер: клиника направляет людей в Konsiliér AI для сбора фактов и черновика; мы — бесплатное размещение в каталоге и практические кейсы для студентов,2026-09-28,черновик готов,сверено 28.09.2026. Бесплатная помощь уязвимым группам. Старый URL перенаправляет на эту страницу.
P002,Юридическая клиника Университета Нархоз,юр. клиника вуза,Алматы,https://prg.kz/document/?doc_id=38538444,контакт клиники не найден,Каталог + обезличенные кейсы для занятий,2026-09-28,не подтверждено,"Не подтверждено 28.09.2026: статья на prg.kz подтверждает существование клиники (с 2020 г.), но контакта нет; narxoz.edu.kz отдаёт пустую страницу (JS)."
P003,Юридическая клиника Университета КАЗГЮУ / Maqsut Narikbayev University,юр. клиника вуза,Астана,https://mnu.kz/,info@mnu.kz; +7 717 270 30 30 (общие контакты университета),Каталог + кейсы для студентов,2026-09-28,не подтверждено,"Не подтверждено 28.09.2026: страница клиники есть только на стороннем конструкторе lawclinickazguu.orgs.biz (тел. +7 747 653-13-97) — не официальный сайт; на mnu.kz страницу клиники не нашёл, подтверждены лишь общие контакты вуза."
P004,Студенческая юридическая клиника КазНУ им. аль-Фараби,юр. клиника вуза,Алматы,https://welcome.kaznu.kz/ru/357/page,через юрфак КазНУ,Каталог + кейсы,2026-09-28,не подтверждено,Не подтверждено 28.09.2026: kaznu.kz не открылся (ошибка сертификата / циклический редирект).
P005,Высшая школа права «Әділет» (Caspian University),юр. школа / клиника,Алматы,https://cu.edu.kz/higher-school-of-law-adilet/,контакт клиники не найден,Каталог + кейсы; стажировки на проверке сценариев,2026-09-28,не подтверждено,"Не подтверждено 28.09.2026: страница школы права открылась, упоминания юр. клиники и делового контакта нет (на странице только личный e-mail — не вносил)."
P006,Высшая школа права Университета Turan,юр. школа,Алматы,https://turan.edu.kz/en/fakulteti/gumanitarno-yuridicheskij-fakultet/higher-school-of-law/,контакты на сайте,Каталог + кейсы,2026-09-28,не подтверждено,"Не подтверждено 28.09.2026: страница отдаёт 404, turan.edu.kz сбрасывает соединение."
P007,РОО «Национальная лига потребителей»,защита прав потребителей,Алматы,https://potrebitel.kz/?page_id=70,nlp_astana@mail.ru; +7 727 277-83-46; +7 727 277-89-45,"Каталог бесплатно; они направляют людей с типовыми спорами, мы — людей, которым нужен живой консультант",2026-09-28,черновик готов,"сверено 28.09.2026. Главный кандидат среди обществ потребителей. Адрес: ул. Шевченко 164г, оф. 1. Почта info@potrebitel.kz на странице не найдена — заменена."
P008,ОО «Общество защиты прав потребителей «Адилет» г. Астана»,защита прав потребителей,Астана,https://old.goszakup.gov.kz/ru/registry/show_supplier/118829,ozppadilet@mail.ru; 8 7172 32-40-58,Каталог + обмен направлениями,2026-09-28,черновик готов,сверено 28.09.2026 по реестру поставщиков госзакупок (официальный реестр). Собственного сайта нет.
P009,СКОО «Ассоциация защиты прав потребителей и предпринимателей»,защита прав потребителей,Петропавловск,https://old.goszakup.gov.kz/ru/registry/show_supplier/135087,skoo-azpp@mail.ru; 8 7152 53-15-94,Каталог + обмен направлениями,2026-09-28,черновик готов,"сверено 28.09.2026 по реестру госзакупок. Адрес: Петропавловск, ул. Конституции Казахстана 74."
P010,Центр защиты прав человека и потребителя «Атакент»,защита прав потребителей,Астана,https://hbp.kz/atakent.html,+7 708 252-87-89,Каталог + обмен направлениями,2026-09-28,новый,"сверено 28.09.2026. Страница центра размещена на общем сайте hbp.kz вместе с гостиницей и турагентством — проверить при контакте, что это действующая НКО."
P011,ОО «Гарант» по защите прав потребителей,защита прав потребителей,Караганда,https://gyyu.b2b.ivest.kz/,"адрес: ул. Абдирова 3, каб. 804",Каталог + обмен направлениями,2026-09-28,не подтверждено,Не подтверждено 28.09.2026: ivest.kz блокирует доступ (Cloudflare); официального сайта не найдено.
P012,ОО «Общество защиты прав потребителей» (Павлодар),защита прав потребителей,Павлодар,https://ojxe.b2b.ivest.kz/,см. источник,Каталог + обмен направлениями,2026-09-28,не подтверждено,Не подтверждено 28.09.2026: ivest.kz блокирует доступ (Cloudflare); официального сайта не найдено.
P013,ОО «Адал» — общество защиты прав потребителей,защита прав потребителей,Алматы,https://cmci.b2b.ivest.kz/,см. источник,Каталог + обмен направлениями,2026-09-28,не подтверждено,Не подтверждено 28.09.2026: ivest.kz блокирует доступ (Cloudflare); официального сайта не найдено.
P014,Казахстанское международное бюро по правам человека (КМБПЧ),правозащитная НКО,Алматы; филиалы в регионах,https://bureau.kz/nashi-kontakty/,"Алматы, пр. Абылай хана 103, оф. 405/411; филиалы: shymkent.kibhr@gmail.com, kostanai2.kibhr@gmail.com, uralsk.kibhr@gmail.com, aktobe.kibhr@gmail.com","Бесплатно навсегда (тариф НКО): каталог, досье дел, отчёты для доноров",2026-09-28,новый,сверено 28.09.2026. Предлагать только гражданские/бытовые споры; уголовную защиту не упоминать. Именные почты сотрудников не вносил.
P015,ОО «Кадір-қасиет»,правозащитная НКО,Астана,https://kkassiyet.wordpress.com/welcomekk/activity/,dignityast@gmail.com; +7 7172 45-76-21,Тариф НКО бесплатно,2026-09-28,новый,"сверено 28.09.2026. Адрес: ул. Б. Майлина 10, оф. 10. Профиль — защита правозащитников; осторожно с тематикой."
P016,Гражданский центр г. Алматы,центр НКО / бесплатные юр. консультации,Алматы,https://civilcenteralmaty.kz/ru/article/300,info@civilcenteralmaty.kz; +7 727 398 95 25,Размещение Konsiliér AI как самопомощи в их базе знаний; мы — ссылка на их бесплатные консультации,2026-09-28,черновик готов,сверено 28.09.2026. Ресурсный центр НКО.
P018,ОЮЛ «Союз кризисных центров Казахстана»,НКО (помощь при насилии),Алматы,https://www.facebook.com/SouzKrizisnyhCentrovKZ/,страница Facebook,Бесплатный тариф НКО; раздел про алименты/развод как самопомощь,2026-09-28,не подтверждено,Не подтверждено 28.09.2026: Facebook требует входа; официального сайта союза не нашёл. Деликатная тема — только по их запросу.
P019,Кризисный центр «Асар» (SOS Детские деревни Казахстана),НКО,не указан,https://sos-kazakhstan.kz/asar/,kinderdorf@sos-kazakhstan.kz; +7 727 313 25 71 (контакты фонда SOS Детские деревни),Тариф НКО бесплатно,2026-09-28,новый,сверено 28.09.2026. Город центра на странице не указан; контакты — общие для фонда.
P020,Проект «Считается» — контакты кризисных центров,НКО-проект,вся страна,https://schitaetsya.kz/crisis-centers,info@schitaetsya.kz,Взаимная ссылка на ресурсы,2026-09-28,черновик готов,сверено 28.09.2026. Проект со списком кризисных центров по регионам.
P022,POMOGVSEM — бесплатные юр. консультации,инициатива бесплатной помощи,,https://pomogvsem.kz/,контакты на сайте,Каталог + обмен направлениями,2026-09-28,не подтверждено,Не подтверждено 28.09.2026: pomogvsem.kz не открылся (502). Статус организации уточнить.
P023,Палата юр. консультантов г. Астаны — бесплатный юр. чат,бесплатный юр. чат (Telegram),Астана,https://zangerpalata.kz/,info@zangerpalata.kz,Юристы чата — участники пилота; ссылка на Konsiliér AI для сбора фактов до вопроса в чат,2026-09-28,не подтверждено,"Не подтверждено 28.09.2026: страница /astanazangerhelp/ отдаёт 404, на сайте палаты упоминания бесплатного чата не нашёл. Палата сама сверена — см. L032."
P024,almaty_typical,городской Telegram-канал,Алматы,https://kaz.tgstat.com/en/channel/@almaty_typical/stat,через описание канала,Бартер: полезный пост «знай свои права» с проверенной ссылкой adilet.zan.kz; без оплаты,2026-09-28,новый,сверено 28.09.2026 (канал существует). Категория в TGStat — «Shock content»: оценить риск для бренда до предложения.
P025,Informburo.kz — новости Казахстана (Telegram),городской Telegram-канал СМИ,вся страна,https://kaz.tgstat.com/en/channel/@informburo_kz,через редакцию informburo.kz,Материал о запуске / бесплатный сервис,2026-09-28,новый,"сверено 28.09.2026: канал @informburo_kz общенациональный, не алматинский — название исправлено."
P026,Астана — Что? Где? Когда?,городской Telegram-канал,Астана,https://t.me/myastanacity,форма обратной связи в описании канала,Бартер: полезный пост,2026-09-28,новый,сверено 28.09.2026. 19 378 подписчиков (t.me на 28.09.2026). Принимает новости от читателей.
P027,Вечерняя Караганда,городской Telegram-канал,Караганда,https://t.me/s/vechernaya_karaganda,админ: t.me/Glavadmintyt (из описания канала),Бартер: полезный пост,2026-09-28,новый,"сверено 28.09.2026. 7,04 тыс. подписчиков (t.me на 28.09.2026)."
P028,Новости Караганда,городской Telegram-канал,Караганда,https://kaz.tgstat.com/channel/@novosti_krg,через описание канала,Бартер: полезный пост,2026-09-28,новый,сверено 28.09.2026 (канал существует в TGStat).
P029,Диапазон — новости Актобе,городской Telegram-канал СМИ,Актобе,https://t.me/s/diapazonnews,gazeta@rifma.kz; реклама +7 775 559 11 11 (из описания канала),Материал о бесплатном сервисе,2026-09-28,черновик готов,"сверено 28.09.2026. 6,46 тыс. подписчиков (t.me на 28.09.2026). Официальный канал diapazon.kz."
P030,Shymkent Online,городской Telegram-канал,Шымкент,https://kaz.tgstat.com/en/channel/@shymkentonline,через описание канала,Бартер: полезный пост,2026-09-28,новый,сверено 28.09.2026 (канал существует в TGStat).
P031,Устинка Live,городское СМИ,Усть-Каменогорск,https://ustinka.kz/contacts.html,redakcia@ustinka.kz; +7 723 220 89 34,Тема «защита прав потребителей ВКО» — комментарий/материал,2026-09-28,черновик готов,сверено 28.09.2026. Писали о защите прав потребителей: ustinka.kz/articles/72615.html.
