id,network,type,name,url,audience,topic,language,promo_rules,priority,notes
T001,YouTube,channel,PRG. | ПАРАГРАФ,https://www.youtube.com/@prg_kz,"34,9 тыс. подписчиков","законодательство РК, бухучёт, банкротство, трудовое","ru, kk",на странице не указано,1,проверено 28.09.2026 (curl); свежие видео 22.09.2026; эфир «Банкротство физических лиц в РК»
T002,YouTube,channel,Информбюро 31,https://www.youtube.com/@informburo31kanal,"2,15 млн подписчиков","новости: алименты, сокращения, суды",ru,на странице не указано,1,проверено 28.09.2026 (curl); видео про алименты и сокращения за сентябрь 2026
T003,YouTube,channel,Atameken Business,https://www.youtube.com/@atamekenbusiness,"1,1 млн подписчиков","бизнес, МФО, аренда, выселение","ru, kk",на странице не указано,1,проверено 28.09.2026 (curl); видео «Микрозаймы вне закона» 11.09.2026
T004,YouTube,channel,Седьмой канал | NEWS,https://www.youtube.com/@TheSevenNews,156 тыс. подписчиков,"новости: семья, алименты",ru,на странице не указано,2,проверено 28.09.2026 (curl)
T005,YouTube,channel,ИНФОРМБЮРО,https://www.youtube.com/channel/UCQI3qvA84CyU9y9qfLxWkBw,147 тыс. подписчиков,"жильё, дольщики, права граждан",ru,на странице не указано,1,проверено 28.09.2026 (curl); видео «Как не стать обманутым дольщиком?» 21.09.2026
T006,YouTube,channel,Телеканал Астана / Astana TV,https://www.youtube.com/@astanatv8263,,новости: защита прав потребителей,"ru, kk",на странице не указано,2,канал подтверждён через oEmbed видео LYWStaZcTqg; страница канала из облака отдала 404 — открыть в браузере
T007,YouTube,channel,QYZYLORDA TV / «Қызылорда» телеарнасы,https://www.youtube.com/@qyzylordatv,"78,5 тыс. подписчиков",рубрика «Заңгер кеңесі» (советы юриста),"kk, ru",на странице не указано,2,проверено 28.09.2026 (curl); выпуск «Заңгер кеңесі» 25.09.2026
T008,YouTube,channel,заңгер Маулен Спанкулов,https://www.youtube.com/@spankulov.maulen,197 тыс. подписчиков,"кредиты, аресты счетов, банкротство",kk,на странице не указано,2,проверено 28.09.2026 (curl); последнее видео 26.03.2026 — активнее в TikTok
T009,YouTube,channel,на ПРАВОм. Юридический подкаст,https://www.youtube.com/@napravom,"5,06 тыс. подписчиков",подкаст юристов о правовых событиях Казахстана,ru,на странице не указано,2,проверено 28.09.2026 (curl); страна канала — Казахстан
T010,YouTube,channel,КМБПЧ (Казахстанское международное бюро по правам человека),https://www.youtube.com/@bureau_kz,"5,78 тыс. подписчиков",права человека,ru,на странице не указано,3,"проверено 28.09.2026 (curl); много уголовной и политической повестки — комментировать осторожно, уголовные темы не трогать"
T011,YouTube,channel,Заңгер Адвокат Мұхамедияр,https://www.youtube.com/@ZangerMuhamediar,"3,1 тыс. подписчиков","адвокат, права граждан",kk,на странице не указано,2,проверено 28.09.2026 (curl); последнее видео 27.05.2026
T012,YouTube,channel,Республикалық адвокаттар алқасы (РКА),https://www.youtube.com/@advokaturakz,455 подписчиков,адвокатура РК,"kk, ru",на странице не указано,2,проверено 28.09.2026 (curl); ссылка с сайта advokatura.kz
T013,YouTube,channel,GRATA International,https://www.youtube.com/channel/UCPxiS1gz0G6yjNzNLE9xz2A,707 подписчиков,юрфирма,"ru, en",на странице не указано,3,проверено 28.09.2026 (curl); ссылка с сайта gratanet.com
T014,YouTube,channel,PRAVO KZ,https://www.youtube.com/channel/UC8zxhq3n-ElK6xf3ei_so7g,197 подписчиков,правовая грамотность граждан и малого бизнеса,ru,на странице не указано,3,проверено 28.09.2026 (curl); последнее видео 08.01.2023 — неактивен
T015,YouTube,channel,Adilsoz Foundation (Әділ сөз),https://www.youtube.com/@adilsozfoundation1927,140 подписчиков,"свобода слова, доступ к информации","kk, ru",на странице не указано,3,проверено 28.09.2026 (curl); видео 28.09.2026
T016,YouTube,channel,Юр.центр Avilex,https://www.youtube.com/@Avilexpravo,112 подписчиков,юруслуги Алматы,ru,на странице не указано,3,проверено 28.09.2026 (curl)
T017,YouTube,channel,MG Partners,https://www.youtube.com/channel/UCl2TH-M0CzRsAtC3LXz8LGw,58 подписчиков,"юрфирма: ТОО, визы, РВП",ru,на странице не указано,3,проверено 28.09.2026 (curl); ролики 23–28.09.2026
T018,YouTube,channel,ORDA News,https://www.youtube.com/@ORDANews,379 тыс. подписчиков,общественно-политические новости,ru,на странице не указано,3,проверено 28.09.2026 (curl); много политики — только бытовые правовые темы
T019,YouTube,channel,ULYSMEDIA,https://www.youtube.com/channel/UCh419yCtXMlflJny2R4Inzg,317 тыс. подписчиков,новости,"ru, kk",на странице не указано,3,проверено 28.09.2026 (curl); много политики — только бытовые правовые темы
T020,YouTube,channel,Интернет-журнал Власть,https://www.youtube.com/@vlastkazakhstan,"22,5 тыс. подписчиков","город, общество",ru,на странице не указано,3,проверено 28.09.2026 (curl)
T021,TikTok,profile,Маулен Спанкулов,https://www.tiktok.com/@spankulov,499 400 подписчиков,"кредиты, аресты, банкротство","kk, ru",на странице не указано,1,проверено 28.09.2026 (curl)
T022,TikTok,profile,zakon.kz — Новости Казахстана,https://www.tiktok.com/@zakonkz,539 300 подписчиков,"новости, законы",ru,на странице не указано,1,проверено 28.09.2026 (curl); комментарии под законами и бытовыми спорами
T023,TikTok,profile,Фархад Юрист/Адвокат,https://www.tiktok.com/@zanger_farkhad,118 300 подписчиков,"суды, банкротство, кредиты","kk, ru",на странице не указано,1,проверено 28.09.2026 (curl)
T024,TikTok,profile,ЮК PARITET,https://www.tiktok.com/@ukp.kz,68 400 подписчиков,"займы БВУ и МФО, коллекторы",ru,на странице не указано,1,проверено 28.09.2026 (curl)
T025,TikTok,profile,Юрист Kz по МФО,https://www.tiktok.com/@nadoeli.kolektory,17 800 подписчиков,"МФО, коллекторы",ru,на странице не указано,2,проверено 28.09.2026 (curl)
T026,TikTok,profile,Сабина Ахметова,https://www.tiktok.com/@sabina.ahmetova2012,204 600 подписчиков,«доступно о ваших правах»,ru,на странице не указано,3,"проверено 28.09.2026 (curl); найдена в выдаче по МФО в Казахстане, но страна в профиле не указана — проверить до вовлечения"
T027,TikTok,profile,informburo.kz,https://www.tiktok.com/@informburo.kz,347 400 подписчиков,новости,ru,на странице не указано,2,проверено 28.09.2026 (curl)
T028,TikTok,profile,ULYSMEDIA,https://www.tiktok.com/@ulysmedia,351 800 подписчиков,новости,"kk, ru",на странице не указано,3,проверено 28.09.2026 (curl)
T029,TikTok,profile,STAN KZ,https://www.tiktok.com/@stan.kz,200 300 подписчиков,новости на казахском,kk,на странице не указано,2,проверено 28.09.2026 (curl)
T030,TikTok,profile,Tengri Life,https://www.tiktok.com/@tengri.life,26 400 подписчиков,"новости, истории, быт",ru,на странице не указано,3,проверено 28.09.2026 (curl)
T031,TikTok,profile,kazpravda.kz,https://www.tiktok.com/@kazpravda.kz,23 900 подписчиков,официальные новости,ru,на странице не указано,3,проверено 28.09.2026 (curl)
T032,TikTok,profile,Кредиттік маман (zanger.kz),https://www.tiktok.com/@zanger.kz,6 971 подписчик,"аресты счетов, реструктуризация, банкротство",kk,на странице не указано,2,проверено 28.09.2026 (curl)
T033,TikTok,profile,Orda.kz,https://www.tiktok.com/@orda.kz_tt,4 625 подписчиков,новости,ru,на странице не указано,3,проверено 28.09.2026 (curl)
T034,TikTok,profile,Kazlegalcompany,https://www.tiktok.com/@kazlegalcompany,1 848 подписчиков,юруслуги Алматы,ru,на странице не указано,3,проверено 28.09.2026 (curl); ссылка с сайта klc-company.kz
T035,TikTok,profile,Адвокат юрист Шымкент,https://www.tiktok.com/@advocate__lawyer_kz_,1 817 подписчиков,гражданские дела,ru,на странице не указано,3,проверено 28.09.2026 (curl)
T036,TikTok,profile,ТОО «Заманауи Қорғау» (sovz.kz),https://www.tiktok.com/@sovz.kz,846 подписчиков,банкротство физлиц,"ru, kk",на странице не указано,3,проверено 28.09.2026 (curl)
T037,TikTok,profile,Юридическая компания «Закон и справедливость»,https://www.tiktok.com/@urydicheskaya_companiya,682 подписчика,юруслуги,ru,на странице не указано,3,проверено 28.09.2026 (curl); ссылка с сайта femida-justice.com
T038,TikTok,profile,Adil_Soz,https://www.tiktok.com/@adil_soz,123 подписчика,свобода слова,"kk, ru",на странице не указано,3,проверено 28.09.2026 (curl)
T039,Instagram,profile,Кредит заңгері Маулен Спанкулов,https://www.instagram.com/maulen.spankulov/,,"кредиты, аресты",kk,на странице не указано,1,"аккаунт существует — подтверждён профилем Threads с тем же именем; нужен вход, проверить в браузере владельца (Instagram без входа отдаёт 429); по сниппету поиска ~378 тыс. подписчиков — проверить"
T040,Instagram,profile,ХАЛЫҚ ЗАҢГЕРІ,https://www.instagram.com/meir_halyq_zangeri/,,правовое просвещение на казахском,kk,на странице не указано,1,"аккаунт существует — подтверждён профилем Threads с тем же именем; нужен вход, проверить в браузере владельца (Instagram без входа отдаёт 429); по сниппету поиска ~248 тыс. — проверить"
T041,Instagram,profile,Рауан Есбергенов (ZAN ZANGARY),https://www.instagram.com/zan_zangary/,,"права граждан, курсы",kk,на странице не указано,1,"аккаунт существует — подтверждён профилем Threads с тем же именем; нужен вход, проверить в браузере владельца (Instagram без входа отдаёт 429); по сниппету поиска ~324 тыс. — проверить"
T042,Instagram,profile,Юристы. Адвокаты. Астана — Айжан Алина,https://www.instagram.com/aizhan.alina/,,"юристы, наставничество",ru,на странице не указано,1,"аккаунт существует — подтверждён профилем Threads с тем же именем; нужен вход, проверить в браузере владельца (Instagram без входа отдаёт 429); по сниппету ~61 тыс. — проверить; целевая для партнёрства с юристами"
T043,Instagram,profile,Айдана Кусатаева | Юрист Астана,https://www.instagram.com/aidana.kussatayeva/,,бытовые права простым языком,ru,на странице не указано,1,"аккаунт существует — подтверждён профилем Threads с тем же именем; нужен вход, проверить в браузере владельца (Instagram без входа отдаёт 429)"
T044,Instagram,profile,"ЮРИСТ ГАУХАР АУКЕН | развод, раздел имущества",https://www.instagram.com/brak.kz/,,семейное право,ru,на странице не указано,2,"аккаунт существует — подтверждён профилем Threads с тем же именем; нужен вход, проверить в браузере владельца (Instagram без входа отдаёт 429)"
T045,Instagram,profile,Юрист | Астана | Алименты | долги,https://www.instagram.com/jenispravo/,,"алименты, долги",ru,на странице не указано,2,"аккаунт существует — подтверждён профилем Threads с тем же именем; нужен вход, проверить в браузере владельца (Instagram без входа отдаёт 429)"
T046,Instagram,profile,Адвокат | Юрист Караганда — Садуакасов Ибрагим,https://www.instagram.com/saduakassov.ibragim/,,права граждан,ru,на странице не указано,2,"аккаунт существует — подтверждён профилем Threads с тем же именем; нужен вход, проверить в браузере владельца (Instagram без входа отдаёт 429)"
T047,Instagram,profile,Адвокат / Юрист / Заңгер (zakonpravo.kz),https://www.instagram.com/zakonpravo.kz/,,юруслуги Алматы,"ru, kk",на странице не указано,2,"аккаунт существует — подтверждён профилем Threads с тем же именем; нужен вход, проверить в браузере владельца (Instagram без входа отдаёт 429); по сниппету ~3,9 тыс."
T048,Instagram,profile,Адвокат Юрист Шымкент,https://www.instagram.com/advocate__lawyer_kz_/,,гражданские дела,ru,на странице не указано,3,"аккаунт существует — подтверждён профилем Threads с тем же именем; нужен вход, проверить в браузере владельца (Instagram без входа отдаёт 429); по сниппету ~7,4 тыс."
T049,Instagram,profile,Жаслан Айтмаганбетов (garant_kz),https://www.instagram.com/garant_kz/,,"правозащитник, потребители",ru,на странице не указано,2,"аккаунт существует — подтверждён профилем Threads с тем же именем; нужен вход, проверить в браузере владельца (Instagram без входа отдаёт 429)"
T050,Instagram,profile,ЮРИСТ | ШЫМКЕНТ (kenesshiler.kz),https://www.instagram.com/kenesshiler.kz/,,"юрконсультации, HR","ru, kk",на странице не указано,2,"найден поиском; Threads-профиля нет; нужен вход, проверить в браузере владельца (Instagram без входа отдаёт 429); по сниппету ~150 тыс. — проверить"
T051,Instagram,profile,Бесплатные консультации юристов с 2014 года,https://www.instagram.com/pomog_vsem_kz/,,бесплатные консультации,ru,на странице не указано,3,"найден поиском; нужен вход, проверить в браузере владельца (Instagram без входа отдаёт 429); по сниппету ~9,2 тыс."
T052,Instagram,profile,Республиканская коллегия адвокатов,https://www.instagram.com/advokatura.kz/,,адвокатура РК,"ru, kk",на странице не указано,2,"найден поиском; нужен вход, проверить в браузере владельца (Instagram без входа отдаёт 429); по сниппету ~2,3 тыс."
T053,Instagram,profile,Республиканская коллегия юридических консультантов,https://www.instagram.com/rcla.kz/,,юрконсультанты РК,"ru, kk",на странице не указано,2,"ссылка с сайта rcla.kz; нужен вход, проверить в браузере владельца (Instagram без входа отдаёт 429)"
T054,Instagram,page,СМИ zakon.kz,https://www.instagram.com/zakon.kz/,,"новости, законы",ru,на странице не указано,1,"аккаунт существует — подтверждён профилем Threads с тем же именем; нужен вход, проверить в браузере владельца (Instagram без входа отдаёт 429)"
T055,Instagram,page,TengriNews,https://www.instagram.com/tengrinewskz/,,новости,ru,на странице не указано,2,"аккаунт существует — подтверждён профилем Threads с тем же именем; нужен вход, проверить в браузере владельца (Instagram без входа отдаёт 429)"
T056,Instagram,page,МАМОЧКИ АЛМАТЫ,https://www.instagram.com/mamochki_almaty_02/,,"сообщество мам Алматы: вопросы, советы",ru,на странице не указано,2,"найден поиском; нужен вход, проверить в браузере владельца (Instagram без входа отдаёт 429); по сниппету ~2,5 тыс."
T057,Instagram,page,Сообщество мам Астаны,https://www.instagram.com/mom_culture_ast/,,сообщество мам Астаны,ru,на странице не указано,2,"найден поиском; нужен вход, проверить в браузере владельца (Instagram без входа отдаёт 429); по сниппету ~5,4 тыс."
T058,Instagram,profile,Комитет по защите прав потребителей (kzpp_rk),https://www.instagram.com/kzpp_rk/,,защита прав потребителей (госорган),"ru, kk",на странице не указано,3,"найден поиском; нужен вход, проверить в браузере владельца (Instagram без входа отдаёт 429); госорган — только лайк/подписка, без комментариев с продвижением"
T059,Threads,profile,СМИ zakon.kz,https://www.threads.com/@zakon.kz,"117,2 тыс.","новости, законы, лайфхаки",ru,на странице не указано,1,проверено 28.09.2026 (превью Threads); число — подписчики Threads
T060,Threads,profile,TengriNews,https://www.threads.com/@tengrinewskz,"331,9 тыс.",новости,ru,на странице не указано,1,проверено 28.09.2026 (превью Threads); число — подписчики Threads
T061,Threads,profile,Informburo.kz,https://www.threads.com/@informburo.kz,"52,4 тыс.",новости,ru,на странице не указано,2,проверено 28.09.2026 (превью Threads); число — подписчики Threads
T062,Threads,profile,Orda.kz,https://www.threads.com/@ordakazakhstan,"49,8 тыс.",новости,ru,на странице не указано,3,проверено 28.09.2026 (превью Threads); число — подписчики Threads
T063,Threads,profile,ХАЛЫҚ ЗАҢГЕРІ,https://www.threads.com/@meir_halyq_zangeri,"49,7 тыс.",правовое просвещение,kk,на странице не указано,1,проверено 28.09.2026 (превью Threads); число — подписчики Threads
T064,Threads,profile,Рауан Есбергенов,https://www.threads.com/@zan_zangary,"42,6 тыс.",права граждан,kk,на странице не указано,1,проверено 28.09.2026 (превью Threads); число — подписчики Threads; 899 публикаций — активен
T065,Threads,profile,Spankulov заңгерлік компаниясы,https://www.threads.com/@maulen.spankulov,"36,2 тыс.","кредиты, аресты",kk,на странице не указано,2,проверено 28.09.2026 (превью Threads); число — подписчики Threads
T066,Threads,profile,Жаслан Айтмаганбетов,https://www.threads.com/@garant_kz,"21,1 тыс.",правозащитник,ru,на странице не указано,2,проверено 28.09.2026 (превью Threads); число — подписчики Threads
T067,Threads,profile,Айдана Кусатаева | Юрист Астана,https://www.threads.com/@aidana.kussatayeva,"11,5 тыс.",права простым языком,ru,на странице не указано,1,проверено 28.09.2026 (превью Threads); число — подписчики Threads; 490 публикаций — активна
T068,Threads,profile,Юристы. Адвокаты. Астана — Айжан Алина,https://www.threads.com/@aizhan.alina,"6,2 тыс.",юристы,ru,на странице не указано,2,проверено 28.09.2026 (превью Threads); число — подписчики Threads
T069,Threads,profile,Адвокат Садуакасов Ибрагим,https://www.threads.com/@saduakassov.ibragim,"2,5 тыс.",права граждан,ru,на странице не указано,3,проверено 28.09.2026 (превью Threads); число — подписчики Threads
T070,Threads,profile,Юрист Астана | Алименты | долги,https://www.threads.com/@jenispravo,"1,0 тыс.","алименты, долги",ru,на странице не указано,2,проверено 28.09.2026 (превью Threads); число — подписчики Threads; 614 публикаций — активен
T071,Threads,profile,"Улан Аубакиров | юрист, правозащитник, Алматы",https://www.threads.com/@ulafortuna,481,права граждан,ru,на странице не указано,3,проверено 28.09.2026 (превью Threads); число — подписчики Threads; 569 публикаций
T072,Threads,profile,Юлия Абжанова | Юрист | Кокшетау | Астана,https://www.threads.com/@yn.abzhanova_yurist,182,гражданские дела,ru,на странице не указано,3,проверено 28.09.2026 (превью Threads); число — подписчики Threads
T073,LinkedIn,page,GRATA International,https://www.linkedin.com/company/grata,8 553,юрфирма (офисы в Казахстане),"en, ru",на странице не указано,2,проверено 28.09.2026; число — подписчики LinkedIn
T074,LinkedIn,page,Centil Law Firm,https://www.linkedin.com/company/centil-law-firm/,4 800,юрфирма Центральной Азии,"en, ru",на странице не указано,2,проверено 28.09.2026; число — подписчики LinkedIn
T075,LinkedIn,page,Unicase Central Asia,https://www.linkedin.com/company/unicaselawfirm,2 512,"юрфирма: Алматы, Астана","en, ru",на странице не указано,2,проверено 28.09.2026; число — подписчики LinkedIn
T076,LinkedIn,page,AEQUITAS Law Firm,https://www.linkedin.com/company/aequitas-kz/,1 460,"юрфирма, МФЦА, арбитраж",en,на странице не указано,1,проверено 28.09.2026; число — подписчики LinkedIn; пост о Kazakhstan Legal Forum 2026
T077,LinkedIn,page,SIGNUM Law Firm,https://www.linkedin.com/company/signum-law-firm/,1 164,юрфирма Алматы,"ru, en",на странице не указано,1,проверено 28.09.2026; число — подписчики LinkedIn
T078,LinkedIn,page,KPMG Law Kazakhstan,https://www.linkedin.com/company/kpmg-law-kazakhstan,775,"судебная практика, госзакупки",ru,на странице не указано,2,проверено 28.09.2026; число — подписчики LinkedIn
T079,LinkedIn,page,MG Partners Law Firm,https://www.linkedin.com/company/mg-partners-law-firm,369,"юрфирма: Астана, Алматы","ru, en",на странице не указано,2,проверено 28.09.2026; число — подписчики LinkedIn
T080,LinkedIn,page,Salus Legal,https://www.linkedin.com/company/salus-legal,334,"юрфирма, МФЦА",ru,на странице не указано,2,проверено 28.09.2026; число — подписчики LinkedIn
T081,LinkedIn,page,Association of Financiers of Kazakhstan,https://www.linkedin.com/company/association-of-financiers-of-kazakhstan,244,финансовый рынок,"en, ru",на странице не указано,3,проверено 28.09.2026; число — подписчики LinkedIn
T082,LinkedIn,page,Verum LLP,https://www.linkedin.com/company/verum-law-firm,147,юрфирма,en,на странице не указано,3,проверено 28.09.2026; число — подписчики LinkedIn
T083,LinkedIn,page,Magna Law Firm Kazakhstan,https://www.linkedin.com/company/magna-law-firm-kz,71,"юрфирма: Алматы, Атырау",en,на странице не указано,3,проверено 28.09.2026; число — подписчики LinkedIn
T084,Facebook,group,Юристы Казахстана,https://www.facebook.com/groups/875583369145836/,,профессиональная группа юристов,ru,правила группы видны только после входа — прочитать перед первым комментарием,1,"нужен вход, проверить в браузере владельца (Facebook без входа не показывает страницу); по сниппету поиска ~16,9 тыс. участников — проверить"
T085,Facebook,group,Адвокаты Казахстана,https://www.facebook.com/groups/advocatekz/,,адвокаты,ru,правила группы видны только после входа — прочитать перед первым комментарием,1,"нужен вход, проверить в браузере владельца (Facebook без входа не показывает страницу)"
T086,Facebook,page,Казахстанские бизнес юристы,https://www.facebook.com/KazBusinessLawyers/,,юристы для бизнеса,ru,на странице не указано,2,"нужен вход, проверить в браузере владельца (Facebook без входа не показывает страницу); по сниппету ~3 тыс. отметок «нравится»"
T087,Facebook,page,Алматинская городская коллегия адвокатов,https://www.facebook.com/agka.kazakhstan/,,адвокатура Алматы,ru,на странице не указано,2,"страница подтверждена 28.09.2026 по превью (og:title «Алматинская Городская Коллегия Адвокатов»), при повторной проверке Facebook превью не отдал — нужен вход, проверить в браузере владельца; по сниппету ~1,3 тыс. отметок"
T088,Facebook,page,КМБПЧ (Бюро по правам человека),https://www.facebook.com/kibhr/,,права человека,ru,на странице не указано,3,"нужен вход, проверить в браузере владельца (Facebook без входа не показывает страницу); ссылка с сайта bureau.kz"
T089,Facebook,page,Adil soz,https://www.facebook.com/adilsoz.kz,,свобода слова,"ru, kk",на странице не указано,3,"нужен вход, проверить в браузере владельца (Facebook без входа не показывает страницу); ссылка с сайта adilsoz.kz"
T090,Facebook,page,Департамент по защите прав потребителей г. Алматы,https://www.facebook.com/dzpp.almaty/,,защита прав потребителей (госорган),"ru, kk",на странице не указано,3,"нужен вход, проверить в браузере владельца (Facebook без входа не показывает страницу); только лайк/подписка"
T091,Facebook,group,Аренда дома и квартир без посредников в Алматы,https://www.facebook.com/groups/1317985588227312/,,аренда жилья,ru,правила группы видны только после входа — прочитать перед первым комментарием,1,"нужен вход, проверить в браузере владельца (Facebook без входа не показывает страницу); арендаторы и хозяева — темы залога, выселения"
T092,Facebook,group,Аренда квартир без посредников Алматы,https://www.facebook.com/groups/500270473442046/,,аренда жилья,ru,правила группы видны только после входа — прочитать перед первым комментарием,1,"нужен вход, проверить в браузере владельца (Facebook без входа не показывает страницу); публичная группа (по сниппету)"
T093,Facebook,group,Любимая Алма-Ата и Алматы,https://www.facebook.com/groups/383022418471777/,,городская группа,ru,правила группы видны только после входа — прочитать перед первым комментарием,2,"нужен вход, проверить в браузере владельца (Facebook без входа не показывает страницу)"
T094,Facebook,group,Алматы. Что? Где? Когда?,https://www.facebook.com/groups/Almaty.what.where.when/,,городская группа,ru,правила группы видны только после входа — прочитать перед первым комментарием,2,"нужен вход, проверить в браузере владельца (Facebook без входа не показывает страницу)"
T095,Facebook,group,Общественный транспорт Алматы,https://www.facebook.com/groups/ot.almaty/,,городская группа,ru,правила группы видны только после входа — прочитать перед первым комментарием,3,"нужен вход, проверить в браузере владельца (Facebook без входа не показывает страницу)"
T096,Facebook,group,Караганда Новости Караганды,https://www.facebook.com/groups/Novosti.Karaganda/,,городская группа,ru,правила группы видны только после входа — прочитать перед первым комментарием,2,"нужен вход, проверить в браузере владельца (Facebook без входа не показывает страницу)"
T097,Facebook,group,Работа в Алматы: свежие вакансии,https://www.facebook.com/groups/24rabota.kz/,,"работа, работники",ru,правила группы видны только после входа — прочитать перед первым комментарием,2,"нужен вход, проверить в браузере владельца (Facebook без входа не показывает страницу); темы зарплаты и увольнения"
T098,Facebook,group,Работа и вакансии в Алматы,https://www.facebook.com/groups/rabotaivalmaty/,,"работа, работники",ru,правила группы видны только после входа — прочитать перед первым комментарием,3,"нужен вход, проверить в браузере владельца (Facebook без входа не показывает страницу)"
T099,Facebook,group,"Вахта, работа, вакансии, весь Казахстан",https://www.facebook.com/groups/shiftwork.kz/,,"вахтовики, работники",ru,правила группы видны только после входа — прочитать перед первым комментарием,2,"нужен вход, проверить в браузере владельца (Facebook без входа не показывает страницу); частые споры о зарплате"
T100,Facebook,group,Предприниматели Казахстана — онлайн,https://www.facebook.com/groups/kazbusiness/,,ИП и ТОО,ru,правила группы видны только после входа — прочитать перед первым комментарием,2,"нужен вход, проверить в браузере владельца (Facebook без входа не показывает страницу)"
T101,Facebook,group,Ассоциация молодых предпринимателей Казахстана,https://www.facebook.com/groups/AMPKazakhstana/,,предприниматели,ru,правила группы видны только после входа — прочитать перед первым комментарием,3,"нужен вход, проверить в браузере владельца (Facebook без входа не показывает страницу)"
T102,Facebook,group,Бизнес в Кокшетау и Акмолинской области,https://www.facebook.com/groups/KokshetauBiz/,,предприниматели региона,ru,правила группы видны только после входа — прочитать перед первым комментарием,3,"нужен вход, проверить в браузере владельца (Facebook без входа не показывает страницу)"
T103,Facebook,group,HR Club KZ,https://www.facebook.com/groups/HRclubKZ/,,"HR, трудовые отношения",ru,правила группы видны только после входа — прочитать перед первым комментарием,2,"нужен вход, проверить в браузере владельца (Facebook без входа не показывает страницу)"
T104,Facebook,group,accountant.kz (бухгалтеры Казахстана),https://www.facebook.com/groups/accountant.kz/,,бухгалтеры,ru,правила группы видны только после входа — прочитать перед первым комментарием,3,"нужен вход, проверить в браузере владельца (Facebook без входа не показывает страницу)"
T105,Facebook,group,Группа PRG (Параграф),https://www.facebook.com/groups/487452287993950/,,юристы и бухгалтеры,ru,правила группы видны только после входа — прочитать перед первым комментарием,2,"нужен вход, проверить в браузере владельца (Facebook без входа не показывает страницу); ссылка с сайта prg.kz, название группы проверить"
T106,Facebook,group,Группа РКЮК (юрконсультанты),https://www.facebook.com/groups/960970831350992/,,юридические консультанты,ru,правила группы видны только после входа — прочитать перед первым комментарием,2,"нужен вход, проверить в браузере владельца (Facebook без входа не показывает страницу); ссылка с сайта rcla.kz, название группы проверить"
T107,Facebook,page,Zakon.kz,https://www.facebook.com/zakon.kz,,"новости, законы",ru,на странице не указано,2,"нужен вход, проверить в браузере владельца (Facebook без входа не показывает страницу); ссылка с сайта zakon.kz"
T108,Facebook,page,Tengrinews.kz,https://www.facebook.com/Tengrinews.kz/,,новости,ru,на странице не указано,3,"нужен вход, проверить в браузере владельца (Facebook без входа не показывает страницу); ссылка с сайта tengrinews.kz"
T109,Reddit,group,r/Kazakhstan,https://www.reddit.com/r/Kazakhstan/,58 216 участников,"всё о Казахстане, ru/en/kk","en, ru",правила не открылись без входа — прочитать в браузере до первого комментария; саморекламу не публиковать,1,проверено 28.09.2026 (превью страницы); в августе–сентябре 2026 сообщество объявило о 60k участников
T110,Reddit,group,r/astana,https://www.reddit.com/r/astana/,,Астана,"en, ru",правила не открылись — проверить,3,"страница открылась 28.09.2026 (заголовок «Astana»), число участников не получено"
T111,Telegram,channel,Zakon.kz — Новости Казахстана,https://t.me/zakonkz,203K подписчиков,новости,ru,на странице не указано,2,проверено 28.09.2026 (t.me/s); аккаунта Konsiliér в Telegram для реакций/комментариев в decisions.md нет — только чтение и черновики для бартера
T112,Telegram,channel,ZANGER | PRG.,https://t.me/prg_jur,19.1K подписчиков,законодательство для юристов,ru,на странице не указано,1,проверено 28.09.2026 (t.me/s); аккаунта Konsiliér в Telegram для реакций/комментариев в decisions.md нет — только чтение и черновики для бартера; 3+ поста в день
T113,Telegram,channel,Юрист в Казахстане! (Александр Чичков),https://t.me/yavkz,10.6K подписчиков,"ВНЖ, ТОО, суды",ru,на странице не указано,2,проверено 28.09.2026 (t.me/s); аккаунта Konsiliér в Telegram для реакций/комментариев в decisions.md нет — только чтение и черновики для бартера
T114,Telegram,channel,Блог Закон и Справедливость,https://t.me/blog_femida_justice,8.39K подписчиков,юркомпания Алматы,ru,на странице не указано,3,проверено 28.09.2026 (t.me/s); аккаунта Konsiliér в Telegram для реакций/комментариев в decisions.md нет — только чтение и черновики для бартера
T115,Telegram,channel,"Джохар Утебеков, адвокат",https://t.me/utebekov,6.17K подписчиков,"адвокат, общественные дела",ru,на странице не указано,3,проверено 28.09.2026 (t.me/s); аккаунта Konsiliér в Telegram для реакций/комментариев в decisions.md нет — только чтение и черновики для бартера; много уголовной повестки — не комментировать уголовные темы
T116,Telegram,channel,MG Partners | Юридическая компания,https://t.me/mg_partners,3.58K подписчиков,"ТОО, визы, РВП",ru,на странице не указано,2,проверено 28.09.2026 (t.me/s); аккаунта Konsiliér в Telegram для реакций/комментариев в decisions.md нет — только чтение и черновики для бартера
T117,Telegram,channel,Юристы Казахстана (LawyersKZ),https://t.me/LawyersKZ,2.38K подписчиков,"вакансии, события юрсообщества",ru,на странице не указано,1,проверено 28.09.2026 (t.me/s); аккаунта Konsiliér в Telegram для реакций/комментариев в decisions.md нет — только чтение и черновики для бартера; канал юрсообщества — кандидат на бартер/анонс для юристов
T118,Telegram,channel,Аспекты права: Казахстан,https://t.me/legalaspects,1.1K подписчиков,разборы законов,ru,на странице не указано,2,проверено 28.09.2026 (t.me/s); аккаунта Konsiliér в Telegram для реакций/комментариев в decisions.md нет — только чтение и черновики для бартера
T119,Telegram,channel,Юрист про ИИ | Заңгер ЖИ туралы,https://t.me/zangerprogpt,306 подписчиков,ИИ для юристов,"ru, kk",на странице не указано,1,проверено 28.09.2026 (t.me/s); аккаунта Konsiliér в Telegram для реакций/комментариев в decisions.md нет — только чтение и черновики для бартера; прямая аудитория «юристы + ИИ»
T120,Telegram,channel,Құқықтық диалогтар / Юридические диалоги,https://t.me/Legaldialogues_kz,641 подписчик,юрсообщество,"kk, ru",на странице не указано,2,проверено 28.09.2026 (t.me/s); аккаунта Konsiliér в Telegram для реакций/комментариев в decisions.md нет — только чтение и черновики для бартера
T121,Telegram,channel,Мамы в Алматы,https://t.me/almatymoms,433 подписчика,сообщество мам Алматы,ru,на странице не указано,3,проверено 28.09.2026 (t.me/s); аккаунта Konsiliér в Telegram для реакций/комментариев в decisions.md нет — только чтение и черновики для бартера
